Workbook

Sheet Résumé
A1: Informaticien·ne CFC — calcul de la note globale
A2: Saisir les notes dans les cellules jaunes des autres onglets. Les vertes sont calculées.
A4: Compétences en informatique | B4: Note | C4: Poids | D4: Note × poids | E4: Poids pris en compte
A5: Modules école professionnelle | B5: ='École pro'!C28 | C5: 0.8 | D5: =IF(B5="","",B5*C5) | E5: =IF(B5="","",C5)
A6: Modules cours interentreprises | B6: ='CIE'!C19 | C6: 0.2 | D6: =IF(B6="","",B6*C6) | E6: =IF(B6="","",C6)
A7: Note compétences en informatique (≥ 4 requis) | B7: =IF(SUM(E5:E6)=0,"",ROUND(SUM(D5:D6)/SUM(E5:E6),1))
A9: Domaine | B9: Note | C9: Poids | D9: Note × poids | E9: Poids pris en compte
A10: Travail pratique individuel (TPI) | B10: ='TPI'!B6 | C10: 0.4 | D10: =IF(B10="","",B10*C10) | E10: =IF(B10="","",C10)
A11: Culture générale (ECG) | B11: ='ECG'!B17 | C11: 0.2 | D11: =IF(B11="","",B11*C11) | E11: =IF(B11="","",C11)
A12: Compétences en informatique | B12: =B7 | C12: 0.3 | D12: =IF(B12="","",B12*C12) | E12: =IF(B12="","",C12)
A13: Compétences de base élargies (CBE) | B13: ='CBE'!B12 | C13: 0.1 | D13: =IF(B13="","",B13*C13) | E13: =IF(B13="","",C13)
A15: Note globale (≥ 4 requis) | B15: =IF(SUM(E10:E13)=0,"",ROUND(SUM(D10:D13)/SUM(E10:E13),1))
A17: Réussite | B17: =IF(OR(B15="",B10="",B12=""),"Incomplet",IF(AND(B15>=4,B10>=4,B12>=4),"Réussi","Échec"))
A18: Conditions : note globale ≥ 4, TPI ≥ 4, compétences en informatique ≥ 4.

Sheet École pro
A1: Module | B1: Nom | C1: Note
A2: 114 | B2: Mettre en oeuvre des systèmes de codification, de compression et d’encryptage
A3: 117 | B3: Mettre en place l’infrastructure informatique et réseau d’une petite entreprise
A4: 122 | B4: Automatiser des procédures à l’aide de scripts
A5: 162 | B5: Analyser et modéliser des données
A6: 164 | B6: Créer des bases de données et y insérer des données
A7: 165 | B7: Utiliser des bases de données NoSQL
A8: 183 | B8: Implémenter la sécurité d’une application
A9: 231 | B9: Appliquer la protection et la sécurité des données
A10: 241 | B10: Initialiser des solutions ICT innovantes
A11: 245 | B11: Mettre en oeuvre des solutions ICT innovantes
A12: 254 | B12: Décrire des processus métier dans son propre environnement professionnel
A13: 293 | B13: Créer et publier un site Web
... A26: 450 | B26: Tester des applications
B28: Moyenne école professionnelle | C28: =IF(COUNT(C2:C26)=0,"",ROUND(AVERAGE(C2:C26),1))
B29: Moyenne arithmétique des modules saisis, arrondie au dixième.

Sheet CIE
A1: Module | B1: Nom | C1: Note
A2: 106 | B2: Interroger, traiter et assurer la maintenance des bases de données
A3: 107 | B3: Mettre en oeuvre des solutions ICT avec la technologie block-chain
A4: 109 | B4: Exploiter et surveiller des services dans le cloud public
A5: 110 | B5: Analyser et représenter des données avec des outils
A6: 185 | B6: Analyser et implémenter des mesures visant à assurer la sécurité informatique des PME
A7: 187 | B7: Mettre en service un Poste de travail ICT avec le système d’exploitation
A8: 190 | B8: Mettre en place et exploiter une plateforme de virtualisation
A9: 210 | B9: Utiliser un cloud public pour des applications
A10: 216 | B10: Intégrer les terminaux IoE dans une plateforme existante
A11: 217 | B11: Concevoir, planifier et mettre en place un service pour l’IoE
A12: 223 | B12: Réaliser des applications multi-utilisateurs orientées objets
A13: 248 | B13: Réaliser des solutions ICT avec des technologies actuelles
... A17: 335 | B17: Réaliser une application pour mobile
B19: Moyenne cours interentreprises | C19: =IF(COUNT(C2:C17)=0,"",ROUND(AVERAGE(C2:C17),1))
B20: Moyenne arithmétique des modules saisis, arrondie au dixième.

Sheet TPI
A1: Partie | B1: Note | C1: Poids | D1: Note × poids | E1: Poids pris en compte
A2: Exécution et résultat du travail | C2: 0.5 | D2: =IF(B2="","",B2*C2) | E2: =IF(B2="","",C2)
A3: Documentation | C3: 0.2 | D3: =IF(B3="","",B3*C3) | E3: =IF(B3="","",C3)
A4: Présentation et entretien professionnel | C4: 0.3 | D4: =IF(B4="","",B4*C4) | E4: =IF(B4="","",C4)
A6: Note TPI (≥ 4 requis) | B6: =IF(SUM(E2:E4)=0,"",ROUND(SUM(D2:D4)/SUM(E2:E4),1))

Sheet ECG
A1: Semestre | B1: Note semestrielle
A2: Semestre 1
A3: Semestre 2
A4: Semestre 3
A5: Semestre 4
A6: Semestre 5
A7: Semestre 6
A8: Semestre 7
A9: Semestre 8
A10: Note d'expérience (arrondie à la demi-note) | B10: =IF(COUNT(B2:B9)=0,"",ROUND(AVERAGE(B2:B9)*2,0)/2)
A12: Partie | B12: Note | C12: Poids | D12: Note × poids | E12: Poids pris en compte
A13: Travail personnel d'approfondissement (TPA) | C13: 0.33333333 | D13: =IF(B13="","",B13*C13) | E13: =IF(B13="","",C13)
A14: Examen final | C14: 0.33333333 | D14: =IF(B14="","",B14*C14) | E14: =IF(B14="","",C14)
A15: Note d'expérience | B15: =B10 | C15: 0.33333333 | D15: =IF(B15="","",B15*C15) | E15: =IF(B15="","",C15)
A17: Note culture générale | B17: =IF(SUM(E13:E15)=0,"",ROUND(SUM(D13:D15)/SUM(E13:E15),1))

Sheet CBE
A1: Semestre | B1: Mathématiques | C1: Anglais
A2: Semestre 1
A3: Semestre 2
A4: Semestre 3
A5: Semestre 4
A6: Semestre 5
A7: Semestre 6
A8: Semestre 7
A9: Semestre 8
A10: Moyenne (arrondie à la demi-note) | B10: =IF(COUNT(B2:B9)=0,"",ROUND(AVERAGE(B2:B9)*2,0)/2) | C10: =IF(COUNT(C2:C9)=0,"",ROUND(AVERAGE(C2:C9)*2,0)/2)
A12: Note CBE (Math 50 % / Anglais 50 %) | B12: =IF(COUNT(B10:C10)=0,"",ROUND(AVERAGE(B10:C10),1))
